<?xml version="1.0" encoding="UTF-8"?>

<Patient xmlns="http://hl7.org/fhir">
  <id value="ImmunizationPatientExample"/>
  <meta>
    <profile value="http://openhie.org/fhir/fhir-ig-teamone/StructureDefinition/immunization-patient"/>
  </meta>
  <text>
    <status value="generated"/><div xmlns="http://www.w3.org/1999/xhtml"><p style="border: 1px #661aff solid; background-color: #e6e6ff; padding: 10px;"><b>Maiden Snow (MAIDEN)</b> (no stated gender), DoB Unknown ( <code>http://openhie.org/fhir/fhir-ig-teamone/ImplementationGuide/identifier/patient-NUPIN</code>/5040-100-29000-1)</p><hr/><table class="grid"><tr><td style="background-color: #f3f5da" title="Other Ids (see the one above)">Other Id:</td><td colspan="3"><code>http://openhie.org/fhir/fhir-ig-teamone/ImplementationGuide/identifier/patient-NRC</code>/799691/11/1</td></tr><tr><td style="background-color: #f3f5da" title="This extension is used to indicate if someone was born in Zambia (Y/N)"><a href="StructureDefinition-born-in-zambia.html">Born In Zambia:</a></td><td colspan="3"><ul><li>true</li></ul></td></tr></table></div>
  </text>
  <extension url="http://openhie.org/fhir/fhir-ig-teamone/StructureDefinition/born-in-zambia">
    <valueBoolean value="true"/>
  </extension>
  <identifier>
    <system value="http://openhie.org/fhir/fhir-ig-teamone/ImplementationGuide/identifier/patient-NUPIN"/>
    <value value="5040-100-29000-1"/>
  </identifier>
  <identifier>
    <system value="http://openhie.org/fhir/fhir-ig-teamone/ImplementationGuide/identifier/patient-NRC"/>
    <value value="799691/11/1"/>
  </identifier>
  <name>
    <use value="maiden"/>
    <family value="Snow"/>
    <given value="Maiden"/>
  </name>
</Patient>