{
  "package": "openhie.fhir.fhir-ig-teamone",
  "version": "1.0.0",
  "fhirVersion": "5.0.0",
  "jurisdiction": "001",
  "extensions": [
    {
      "url": "http://openhie.org/fhir/fhir-ig-teamone/StructureDefinition/born-in-zambia",
      "title": "Born In Zambia",
      "types": [
        "boolean"
      ]
    }
  ],
  "profiles": {
    "Patient": [
      {
        "url": "http://openhie.org/fhir/fhir-ig-teamone/StructureDefinition/immunization-patient",
        "title": "Immunization Patient"
      }
    ]
  },
  "usage": {
    "http://hl7.org/fhir/StructureDefinition/elementdefinition-bestpractice": [
      "StructureDefinition.snapshot.element.constraint"
    ],
    "http://hl7.org/fhir/StructureDefinition/elementdefinition-bestpractice-explanation": [
      "StructureDefinition.snapshot.element.constraint"
    ],
    "http://hl7.org/fhir/StructureDefinition/elementdefinition-bindingName": [
      "StructureDefinition.snapshot.element.binding"
    ],
    "http://hl7.org/fhir/StructureDefinition/structuredefinition-fhir-type": [
      "StructureDefinition.snapshot.element.type"
    ],
    "http://hl7.org/fhir/StructureDefinition/structuredefinition-hierarchy": [
      "StructureDefinition.snapshot.element.type"
    ],
    "http://hl7.org/fhir/StructureDefinition/structuredefinition-type-characteristics": [
      "StructureDefinition"
    ],
    "http://hl7.org/fhir/tools/StructureDefinition/ig-internal-dependency": [
      "ImplementationGuide.definition"
    ],
    "http://hl7.org/fhir/tools/StructureDefinition/implementationguide-dependency-comment": [
      "ImplementationGuide.dependsOn"
    ],
    "http://hl7.org/fhir/tools/StructureDefinition/resource-information": [
      "ImplementationGuide.definition.resource"
    ],
    "http://openhie.org/fhir/fhir-ig-teamone/StructureDefinition/born-in-zambia": [
      "Patient"
    ]
  }
}